run,receiver,loss_pct,missing,recovered,received
burst-packet_xor4,1,0.1,162,90,99838
burst-packet_xor4,2,0.1,146,117,99854
burst-packet_xor4,3,0.1,179,95,99821
burst-rs4_2,1,0.1,105,133,99895
burst-rs4_2,2,0.1,89,115,99911
burst-rs4_2,3,0.1,103,139,99897
burst-xor4,1,0.1,147,77,99853
burst-xor4,2,0.1,139,75,99861
burst-xor4,3,0.1,180,79,99820
random-packet_xor4,1,0.1,0,219,100000
random-packet_xor4,2,0.5,27,1181,99973
random-packet_xor4,3,0.1,4,208,99996
random-rs4_2,1,0.1,16,85,99984
random-rs4_2,2,0.5,130,440,99870
random-rs4_2,3,0.1,21,88,99979
random-xor4,1,0.1,30,61,99970
random-xor4,2,0.5,164,348,99836
random-xor4,3,0.1,35,68,99965
