loss_model,profile,repeat,missing,recovered
burst,packet_compact,1,136,149
burst,packet_compact,2,112,209
burst,packet_compact,3,156,171
burst,rs_packed,1,75,182
burst,rs_packed,2,61,163
burst,rs_packed,3,87,146
burst,xor_packed,1,133,93
burst,xor_packed,2,91,108
burst,xor_packed,3,151,99
burst,xor_unpacked,1,137,92
burst,xor_unpacked,2,101,106
burst,xor_unpacked,3,109,127
random01,packet_compact,1,0,291
random01,packet_compact,2,0,304
random01,packet_compact,3,3,269
random01,rs_packed,1,10,104
random01,rs_packed,2,10,114
random01,rs_packed,3,18,96
random01,xor_packed,1,27,97
random01,xor_packed,2,16,90
random01,xor_packed,3,21,88
random01,xor_unpacked,1,16,108
random01,xor_unpacked,2,22,94
random01,xor_unpacked,3,11,99
random05,packet_compact,1,21,1441
random05,packet_compact,2,15,1519
random05,packet_compact,3,9,1459
random05,rs_packed,1,105,522
random05,rs_packed,2,89,505
random05,rs_packed,3,80,503
random05,xor_packed,1,111,505
random05,xor_packed,2,116,466
random05,xor_packed,3,98,442
random05,xor_unpacked,1,114,497
random05,xor_unpacked,2,101,512
random05,xor_unpacked,3,73,484
